Ticket,Group_ID,Tier,Type,Entry_Time,Entry_Price,Lot,Exit_Time,Exit_Price,Profit_USD,Exit_Reason
1,1,TIER1,SELL,2026-07-06 16:30:00,4149.13,0.08,2026-07-06 16:35:00,4147.33,14.4,TP
2,1,TIER2,SELL,2026-07-06 16:30:00,4149.13,0.07,2026-07-06 16:35:00,4146.13,21.0,TP
3,1,TIER3,SELL,2026-07-06 16:30:00,4149.13,0.05,2026-07-06 16:35:00,4144.63,22.5,TP
4,2,TIER1,SELL,2026-07-06 16:45:00,4146.63,0.08,2026-07-06 16:50:00,4144.83,14.4,TP
5,2,TIER2,SELL,2026-07-06 16:45:00,4146.63,0.07,2026-07-06 16:50:00,4143.63,21.0,TP
6,2,TIER3,SELL,2026-07-06 16:45:00,4146.63,0.05,2026-07-06 16:50:00,4146.33,1.5,BREAKEVEN
7,3,TIER1,SELL,2026-07-06 16:55:00,4140.72,0.08,2026-07-06 17:00:00,4138.92,14.4,TP
8,3,TIER2,SELL,2026-07-06 16:55:00,4140.72,0.07,2026-07-06 17:00:00,4140.42,2.1,BREAKEVEN
9,3,TIER3,SELL,2026-07-06 16:55:00,4140.72,0.05,2026-07-06 17:00:00,4140.42,1.5,BREAKEVEN
10,4,TIER1,SELL,2026-07-06 18:05:00,4144.33,0.08,2026-07-06 18:10:00,4142.53,14.4,TP
11,4,TIER2,SELL,2026-07-06 18:05:00,4144.33,0.07,2026-07-06 18:10:00,4141.33,21.0,TP
12,4,TIER3,SELL,2026-07-06 18:05:00,4144.33,0.05,2026-07-06 18:10:00,4139.83,22.5,TP
13,5,TIER1,SELL,2026-07-08 03:20:00,4105.88,0.08,2026-07-08 03:25:00,4104.08,14.4,TP
14,5,TIER2,SELL,2026-07-08 03:20:00,4105.88,0.07,2026-07-08 03:25:00,4105.58,2.1,BREAKEVEN
15,5,TIER3,SELL,2026-07-08 03:20:00,4105.88,0.05,2026-07-08 03:25:00,4105.58,1.5,BREAKEVEN
16,6,TIER1,SELL,2026-07-08 04:15:00,4106.93,0.08,2026-07-08 04:20:00,4105.13,14.4,TP
17,6,TIER2,SELL,2026-07-08 04:15:00,4106.93,0.07,2026-07-08 04:20:00,4106.63,2.1,BREAKEVEN
18,6,TIER3,SELL,2026-07-08 04:15:00,4106.93,0.05,2026-07-08 04:20:00,4106.63,1.5,BREAKEVEN
19,7,TIER1,SELL,2026-07-08 04:20:00,4106.03,0.08,2026-07-08 04:25:00,4104.23,14.4,TP
20,7,TIER2,SELL,2026-07-08 04:20:00,4106.03,0.07,2026-07-08 04:25:00,4103.03,21.0,TP
21,7,TIER3,SELL,2026-07-08 04:20:00,4106.03,0.05,2026-07-08 04:25:00,4105.73,1.5,BREAKEVEN
22,8,TIER1,SELL,2026-07-08 04:25:00,4102.72,0.08,2026-07-08 04:30:00,4100.92,14.4,TP
23,8,TIER2,SELL,2026-07-08 04:25:00,4102.72,0.07,2026-07-08 04:30:00,4099.72,21.0,TP
24,8,TIER3,SELL,2026-07-08 04:25:00,4102.72,0.05,2026-07-08 04:30:00,4098.22,22.5,TP
25,9,TIER1,SELL,2026-07-08 06:05:00,4127.17,0.08,2026-07-08 06:10:00,4129.17,-16.0,SL
26,9,TIER2,SELL,2026-07-08 06:05:00,4127.17,0.07,2026-07-08 06:10:00,4129.17,-14.0,SL
27,9,TIER3,SELL,2026-07-08 06:05:00,4127.17,0.05,2026-07-08 06:10:00,4129.17,-10.0,SL
28,10,TIER1,SELL,2026-07-08 14:40:00,4064.06,0.08,2026-07-08 14:45:00,4062.2599999999998,14.4,TP
29,10,TIER2,SELL,2026-07-08 14:40:00,4064.06,0.07,2026-07-08 14:45:00,4061.06,21.0,TP
30,10,TIER3,SELL,2026-07-08 14:40:00,4064.06,0.05,2026-07-08 14:45:00,4063.7599999999998,1.5,BREAKEVEN
31,11,TIER1,SELL,2026-07-08 14:45:00,4062.06,0.08,2026-07-08 14:50:00,4060.2599999999998,14.4,TP
32,11,TIER2,SELL,2026-07-08 14:45:00,4062.06,0.07,2026-07-08 14:50:00,4061.7599999999998,2.1,BREAKEVEN
33,11,TIER3,SELL,2026-07-08 14:45:00,4062.06,0.05,2026-07-08 14:50:00,4061.7599999999998,1.5,BREAKEVEN
34,12,TIER1,SELL,2026-07-08 14:50:00,4062.81,0.08,2026-07-08 14:55:00,4061.0099999999998,14.4,TP
35,12,TIER2,SELL,2026-07-08 14:50:00,4062.81,0.07,2026-07-08 14:55:00,4059.81,21.0,TP
36,12,TIER3,SELL,2026-07-08 14:50:00,4062.81,0.05,2026-07-08 14:55:00,4062.5099999999998,1.5,BREAKEVEN
37,13,TIER1,SELL,2026-07-08 14:55:00,4062.1,0.08,2026-07-08 15:00:00,4060.2999999999997,14.4,TP
38,13,TIER2,SELL,2026-07-08 14:55:00,4062.1,0.07,2026-07-08 15:00:00,4059.1,21.0,TP
39,13,TIER3,SELL,2026-07-08 14:55:00,4062.1,0.05,2026-07-08 15:00:00,4061.7999999999997,1.5,BREAKEVEN
40,14,TIER1,SELL,2026-07-08 15:10:00,4071.69,0.08,2026-07-08 15:15:00,4069.89,14.4,TP
41,14,TIER2,SELL,2026-07-08 15:10:00,4071.69,0.07,2026-07-08 15:15:00,4071.39,2.1,BREAKEVEN
42,14,TIER3,SELL,2026-07-08 15:10:00,4071.69,0.05,2026-07-08 15:15:00,4071.39,1.5,BREAKEVEN
43,15,TIER1,SELL,2026-07-08 15:15:00,4075.29,0.08,2026-07-08 15:20:00,4073.49,14.4,TP
44,15,TIER2,SELL,2026-07-08 15:15:00,4075.29,0.07,2026-07-08 15:20:00,4072.29,21.0,TP
45,15,TIER3,SELL,2026-07-08 15:15:00,4075.29,0.05,2026-07-08 15:20:00,4070.79,22.5,TP
46,16,TIER1,SELL,2026-07-08 20:05:00,4065.29,0.08,2026-07-08 20:10:00,4064.99,2.4,BREAKEVEN
47,16,TIER2,SELL,2026-07-08 20:05:00,4065.29,0.07,2026-07-08 20:10:00,4064.99,2.1,BREAKEVEN
48,16,TIER3,SELL,2026-07-08 20:05:00,4065.29,0.05,2026-07-08 20:10:00,4064.99,1.5,BREAKEVEN
49,17,TIER1,SELL,2026-07-08 20:30:00,4072.21,0.08,2026-07-08 20:35:00,4070.41,14.4,TP
50,17,TIER2,SELL,2026-07-08 20:30:00,4072.21,0.07,2026-07-08 20:35:00,4071.91,2.1,BREAKEVEN
51,17,TIER3,SELL,2026-07-08 20:30:00,4072.21,0.05,2026-07-08 20:35:00,4071.91,1.5,BREAKEVEN
52,18,TIER1,SELL,2026-07-09 16:25:00,4126.07,0.08,2026-07-09 16:30:00,4124.2699999999995,14.4,TP
53,18,TIER2,SELL,2026-07-09 16:25:00,4126.07,0.07,2026-07-09 16:30:00,4123.07,21.0,TP
54,18,TIER3,SELL,2026-07-09 16:25:00,4126.07,0.05,2026-07-09 16:30:00,4121.57,22.5,TP
55,19,TIER1,SELL,2026-07-10 16:55:00,4099.85,0.08,2026-07-10 17:00:00,4098.05,14.4,TP
56,19,TIER2,SELL,2026-07-10 16:55:00,4099.85,0.07,2026-07-10 17:00:00,4099.55,2.1,BREAKEVEN
57,19,TIER3,SELL,2026-07-10 16:55:00,4099.85,0.05,2026-07-10 17:00:00,4099.55,1.5,BREAKEVEN
58,20,TIER1,SELL,2026-07-10 17:15:00,4104.21,0.08,2026-07-10 17:20:00,4102.41,14.4,TP
59,20,TIER2,SELL,2026-07-10 17:15:00,4104.21,0.07,2026-07-10 17:20:00,4103.91,2.1,BREAKEVEN
60,20,TIER3,SELL,2026-07-10 17:15:00,4104.21,0.05,2026-07-10 17:20:00,4103.91,1.5,BREAKEVEN
61,21,TIER1,SELL,2026-07-10 17:45:00,4107.29,0.08,2026-07-10 17:50:00,4105.49,14.4,TP
62,21,TIER2,SELL,2026-07-10 17:45:00,4107.29,0.07,2026-07-10 17:50:00,4104.29,21.0,TP
63,21,TIER3,SELL,2026-07-10 17:45:00,4107.29,0.05,2026-07-10 17:50:00,4102.79,22.5,TP
64,22,TIER1,SELL,2026-07-10 18:35:00,4106.06,0.08,2026-07-10 18:40:00,4104.26,14.4,TP
65,22,TIER2,SELL,2026-07-10 18:35:00,4106.06,0.07,2026-07-10 18:40:00,4105.76,2.1,BREAKEVEN
66,22,TIER3,SELL,2026-07-10 18:35:00,4106.06,0.05,2026-07-10 18:40:00,4105.76,1.5,BREAKEVEN
67,23,TIER1,SELL,2026-07-13 04:35:00,4087.31,0.08,2026-07-13 04:40:00,4085.5099999999998,14.4,TP
68,23,TIER2,SELL,2026-07-13 04:35:00,4087.31,0.07,2026-07-13 04:40:00,4084.31,21.0,TP
69,23,TIER3,SELL,2026-07-13 04:35:00,4087.31,0.05,2026-07-13 04:40:00,4087.0099999999998,1.5,BREAKEVEN
70,24,TIER1,SELL,2026-07-13 05:15:00,4073.44,0.08,2026-07-13 05:20:00,4071.64,14.4,TP
71,24,TIER2,SELL,2026-07-13 05:15:00,4073.44,0.07,2026-07-13 05:20:00,4070.44,21.0,TP
72,24,TIER3,SELL,2026-07-13 05:15:00,4073.44,0.05,2026-07-13 05:20:00,4073.14,1.5,BREAKEVEN
73,25,TIER1,SELL,2026-07-13 14:30:00,4067.7,0.08,2026-07-13 14:35:00,4065.8999999999996,14.4,TP
74,25,TIER2,SELL,2026-07-13 14:30:00,4067.7,0.07,2026-07-13 14:35:00,4064.7,21.0,TP
75,25,TIER3,SELL,2026-07-13 14:30:00,4067.7,0.05,2026-07-13 14:35:00,4067.3999999999996,1.5,BREAKEVEN
76,26,TIER1,SELL,2026-07-13 21:40:00,4000.09,0.08,2026-07-13 21:45:00,3999.79,2.4,BREAKEVEN
77,26,TIER2,SELL,2026-07-13 21:40:00,4000.09,0.07,2026-07-13 21:45:00,3999.79,2.1,BREAKEVEN
78,26,TIER3,SELL,2026-07-13 21:40:00,4000.09,0.05,2026-07-13 21:45:00,3999.79,1.5,BREAKEVEN
79,27,TIER1,SELL,2026-07-13 21:45:00,4001.69,0.08,2026-07-13 21:50:00,4001.39,2.4,BREAKEVEN
80,27,TIER2,SELL,2026-07-13 21:45:00,4001.69,0.07,2026-07-13 21:50:00,4001.39,2.1,BREAKEVEN
81,27,TIER3,SELL,2026-07-13 21:45:00,4001.69,0.05,2026-07-13 21:50:00,4001.39,1.5,BREAKEVEN
82,28,TIER1,SELL,2026-07-13 21:55:00,4001.38,0.08,2026-07-13 22:00:00,3999.58,14.4,TP
83,28,TIER2,SELL,2026-07-13 21:55:00,4001.38,0.07,2026-07-13 22:00:00,3998.38,21.0,TP
84,28,TIER3,SELL,2026-07-13 21:55:00,4001.38,0.05,2026-07-13 22:00:00,4001.08,1.5,BREAKEVEN
85,29,TIER1,SELL,2026-07-14 04:20:00,3997.49,0.08,2026-07-14 04:25:00,3995.6899999999996,14.4,TP
86,29,TIER2,SELL,2026-07-14 04:20:00,3997.49,0.07,2026-07-14 04:25:00,3997.1899999999996,2.1,BREAKEVEN
87,29,TIER3,SELL,2026-07-14 04:20:00,3997.49,0.05,2026-07-14 04:25:00,3997.1899999999996,1.5,BREAKEVEN
88,30,TIER1,SELL,2026-07-14 04:35:00,3997.54,0.08,2026-07-14 04:40:00,3995.74,14.4,TP
89,30,TIER2,SELL,2026-07-14 04:35:00,3997.54,0.07,2026-07-14 04:40:00,3997.24,2.1,BREAKEVEN
90,30,TIER3,SELL,2026-07-14 04:35:00,3997.54,0.05,2026-07-14 04:40:00,3997.24,1.5,BREAKEVEN
91,31,TIER1,SELL,2026-07-14 04:40:00,4001.99,0.08,2026-07-14 04:45:00,4000.1899999999996,14.4,TP
92,31,TIER2,SELL,2026-07-14 04:40:00,4001.99,0.07,2026-07-14 04:45:00,3998.99,21.0,TP
93,31,TIER3,SELL,2026-07-14 04:40:00,4001.99,0.05,2026-07-14 04:45:00,4001.6899999999996,1.5,BREAKEVEN
94,32,TIER1,SELL,2026-07-14 04:45:00,4002.4,0.08,2026-07-14 04:50:00,4000.6,14.4,TP
95,32,TIER2,SELL,2026-07-14 04:45:00,4002.4,0.07,2026-07-14 04:50:00,4002.1,2.1,BREAKEVEN
96,32,TIER3,SELL,2026-07-14 04:45:00,4002.4,0.05,2026-07-14 04:50:00,4002.1,1.5,BREAKEVEN
97,33,TIER1,SELL,2026-07-14 05:15:00,4018.01,0.08,2026-07-14 05:20:00,4016.21,14.4,TP
98,33,TIER2,SELL,2026-07-14 05:15:00,4018.01,0.07,2026-07-14 05:20:00,4015.01,21.0,TP
99,33,TIER3,SELL,2026-07-14 05:15:00,4018.01,0.05,2026-07-14 05:20:00,4017.71,1.5,BREAKEVEN
100,34,TIER1,SELL,2026-07-15 21:05:00,4066.97,0.08,2026-07-15 21:10:00,4066.6699999999996,2.4,BREAKEVEN
101,34,TIER2,SELL,2026-07-15 21:05:00,4066.97,0.07,2026-07-15 21:10:00,4066.6699999999996,2.1,BREAKEVEN
102,34,TIER3,SELL,2026-07-15 21:05:00,4066.97,0.05,2026-07-15 21:10:00,4066.6699999999996,1.5,BREAKEVEN
103,35,TIER1,SELL,2026-07-16 15:25:00,4024.44,0.08,2026-07-16 15:30:00,4022.64,14.4,TP
104,35,TIER2,SELL,2026-07-16 15:25:00,4024.44,0.07,2026-07-16 15:30:00,4021.44,21.0,TP
105,35,TIER3,SELL,2026-07-16 15:25:00,4024.44,0.05,2026-07-16 15:30:00,4019.94,22.5,TP
106,36,TIER1,SELL,2026-07-16 17:30:00,4002.61,0.08,2026-07-16 17:35:00,4000.81,14.4,TP
107,36,TIER2,SELL,2026-07-16 17:30:00,4002.61,0.07,2026-07-16 17:35:00,3999.61,21.0,TP
108,36,TIER3,SELL,2026-07-16 17:30:00,4002.61,0.05,2026-07-16 17:35:00,4002.31,1.5,BREAKEVEN
109,37,TIER1,SELL,2026-07-16 17:40:00,4004.64,0.08,2026-07-16 17:45:00,4002.8399999999997,14.4,TP
110,37,TIER2,SELL,2026-07-16 17:40:00,4004.64,0.07,2026-07-16 17:45:00,4001.64,21.0,TP
111,37,TIER3,SELL,2026-07-16 17:40:00,4004.64,0.05,2026-07-16 17:45:00,4000.14,22.5,TP
112,38,TIER1,SELL,2026-07-16 18:25:00,4011.35,0.08,2026-07-16 18:30:00,4009.5499999999997,14.4,TP
113,38,TIER2,SELL,2026-07-16 18:25:00,4011.35,0.07,2026-07-16 18:30:00,4008.35,21.0,TP
114,38,TIER3,SELL,2026-07-16 18:25:00,4011.35,0.05,2026-07-16 18:30:00,4011.0499999999997,1.5,BREAKEVEN
115,39,TIER1,SELL,2026-07-16 18:35:00,4014.05,0.08,2026-07-16 18:40:00,4012.25,14.4,TP
116,39,TIER2,SELL,2026-07-16 18:35:00,4014.05,0.07,2026-07-16 18:40:00,4011.05,21.0,TP
117,39,TIER3,SELL,2026-07-16 18:35:00,4014.05,0.05,2026-07-16 18:40:00,4009.55,22.5,TP
118,40,TIER1,SELL,2026-07-16 18:40:00,4010.38,0.08,2026-07-16 18:45:00,4008.58,14.4,TP
119,40,TIER2,SELL,2026-07-16 18:40:00,4010.38,0.07,2026-07-16 18:45:00,4010.08,2.1,BREAKEVEN
120,40,TIER3,SELL,2026-07-16 18:40:00,4010.38,0.05,2026-07-16 18:45:00,4010.08,1.5,BREAKEVEN
121,41,TIER1,SELL,2026-07-16 18:50:00,4009.1,0.08,2026-07-16 18:55:00,4007.2999999999997,14.4,TP
122,41,TIER2,SELL,2026-07-16 18:50:00,4009.1,0.07,2026-07-16 18:55:00,4006.1,21.0,TP
123,41,TIER3,SELL,2026-07-16 18:50:00,4009.1,0.05,2026-07-16 18:55:00,4008.7999999999997,1.5,BREAKEVEN
124,42,TIER1,SELL,2026-07-16 19:00:00,3999.64,0.08,2026-07-16 19:05:00,3997.8399999999997,14.4,TP
125,42,TIER2,SELL,2026-07-16 19:00:00,3999.64,0.07,2026-07-16 19:05:00,3999.3399999999997,2.1,BREAKEVEN
126,42,TIER3,SELL,2026-07-16 19:00:00,3999.64,0.05,2026-07-16 19:05:00,3999.3399999999997,1.5,BREAKEVEN
127,43,TIER1,SELL,2026-07-17 09:30:00,4004.68,0.08,2026-07-17 09:35:00,4002.8799999999997,14.4,TP
128,43,TIER2,SELL,2026-07-17 09:30:00,4004.68,0.07,2026-07-17 09:35:00,4001.68,21.0,TP
129,43,TIER3,SELL,2026-07-17 09:30:00,4004.68,0.05,2026-07-17 09:35:00,4000.18,22.5,TP
130,44,TIER1,SELL,2026-07-17 16:40:00,3984.95,0.08,2026-07-17 16:45:00,3983.1499999999996,14.4,TP
131,44,TIER2,SELL,2026-07-17 16:40:00,3984.95,0.07,2026-07-17 16:45:00,3981.95,21.0,TP
132,44,TIER3,SELL,2026-07-17 16:40:00,3984.95,0.05,2026-07-17 16:45:00,3984.6499999999996,1.5,BREAKEVEN
133,45,TIER1,SELL,2026-07-17 16:45:00,3989.93,0.08,2026-07-17 16:50:00,3989.6299999999997,2.4,BREAKEVEN
134,45,TIER2,SELL,2026-07-17 16:45:00,3989.93,0.07,2026-07-17 16:50:00,3989.6299999999997,2.1,BREAKEVEN
135,45,TIER3,SELL,2026-07-17 16:45:00,3989.93,0.05,2026-07-17 16:50:00,3989.6299999999997,1.5,BREAKEVEN
136,46,TIER1,SELL,2026-07-20 04:10:00,4010.06,0.08,2026-07-20 04:15:00,4008.2599999999998,14.4,TP
137,46,TIER2,SELL,2026-07-20 04:10:00,4010.06,0.07,2026-07-20 04:15:00,4007.06,21.0,TP
138,46,TIER3,SELL,2026-07-20 04:10:00,4010.06,0.05,2026-07-20 04:15:00,4005.56,22.5,TP
139,47,TIER1,SELL,2026-07-21 17:30:00,4066.77,0.08,2026-07-21 17:35:00,4064.97,14.4,TP
140,47,TIER2,SELL,2026-07-21 17:30:00,4066.77,0.07,2026-07-21 17:35:00,4063.77,21.0,TP
141,47,TIER3,SELL,2026-07-21 17:30:00,4066.77,0.05,2026-07-21 17:35:00,4062.27,22.5,TP
142,48,TIER1,SELL,2026-07-22 16:45:00,4146.22,0.08,2026-07-22 16:50:00,4144.42,14.4,TP
143,48,TIER2,SELL,2026-07-22 16:45:00,4146.22,0.07,2026-07-22 16:50:00,4145.92,2.1,BREAKEVEN
144,48,TIER3,SELL,2026-07-22 16:45:00,4146.22,0.05,2026-07-22 16:50:00,4145.92,1.5,BREAKEVEN
145,49,TIER1,SELL,2026-07-23 12:00:00,4099.11,0.08,2026-07-23 12:05:00,4097.3099999999995,14.4,TP
146,49,TIER2,SELL,2026-07-23 12:00:00,4099.11,0.07,2026-07-23 12:05:00,4098.8099999999995,2.1,BREAKEVEN
147,49,TIER3,SELL,2026-07-23 12:00:00,4099.11,0.05,2026-07-23 12:05:00,4098.8099999999995,1.5,BREAKEVEN
148,50,TIER1,SELL,2026-07-23 17:35:00,4058.93,0.08,2026-07-23 17:40:00,4057.1299999999997,14.4,TP
149,50,TIER2,SELL,2026-07-23 17:35:00,4058.93,0.07,2026-07-23 17:40:00,4055.93,21.0,TP
150,50,TIER3,SELL,2026-07-23 17:35:00,4058.93,0.05,2026-07-23 17:40:00,4058.6299999999997,1.5,BREAKEVEN
151,51,TIER1,SELL,2026-07-23 17:45:00,4059.06,0.08,2026-07-23 17:50:00,4057.2599999999998,14.4,TP
152,51,TIER2,SELL,2026-07-23 17:45:00,4059.06,0.07,2026-07-23 17:50:00,4058.7599999999998,2.1,BREAKEVEN
153,51,TIER3,SELL,2026-07-23 17:45:00,4059.06,0.05,2026-07-23 17:50:00,4058.7599999999998,1.5,BREAKEVEN
154,52,TIER1,SELL,2026-07-23 17:55:00,4057.83,0.08,2026-07-23 18:00:00,4056.0299999999997,14.4,TP
155,52,TIER2,SELL,2026-07-23 17:55:00,4057.83,0.07,2026-07-23 18:00:00,4057.5299999999997,2.1,BREAKEVEN
156,52,TIER3,SELL,2026-07-23 17:55:00,4057.83,0.05,2026-07-23 18:00:00,4057.5299999999997,1.5,BREAKEVEN
157,53,TIER1,SELL,2026-07-24 18:20:00,4074.01,0.08,2026-07-24 18:25:00,4073.71,2.4,BREAKEVEN
158,53,TIER2,SELL,2026-07-24 18:20:00,4074.01,0.07,2026-07-24 18:25:00,4073.71,2.1,BREAKEVEN
159,53,TIER3,SELL,2026-07-24 18:20:00,4074.01,0.05,2026-07-24 18:25:00,4073.71,1.5,BREAKEVEN
160,54,TIER1,SELL,2026-07-27 17:25:00,4068.13,0.08,2026-07-27 17:30:00,4066.33,14.4,TP
161,54,TIER2,SELL,2026-07-27 17:25:00,4068.13,0.07,2026-07-27 17:30:00,4067.83,2.1,BREAKEVEN
162,54,TIER3,SELL,2026-07-27 17:25:00,4068.13,0.05,2026-07-27 17:30:00,4067.83,1.5,BREAKEVEN
163,55,TIER1,SELL,2026-07-28 16:40:00,4025.14,0.08,2026-07-28 16:45:00,4023.3399999999997,14.4,TP
164,55,TIER2,SELL,2026-07-28 16:40:00,4025.14,0.07,2026-07-28 16:45:00,4022.14,21.0,TP
165,55,TIER3,SELL,2026-07-28 16:40:00,4025.14,0.05,2026-07-28 16:45:00,4024.8399999999997,1.5,BREAKEVEN
166,56,TIER1,SELL,2026-07-29 16:55:00,4007.24,0.08,2026-07-29 17:00:00,4005.4399999999996,14.4,TP
167,56,TIER2,SELL,2026-07-29 16:55:00,4007.24,0.07,2026-07-29 17:00:00,4004.24,21.0,TP
168,56,TIER3,SELL,2026-07-29 16:55:00,4007.24,0.05,2026-07-29 17:00:00,4002.74,22.5,TP
169,57,TIER1,SELL,2026-07-29 21:10:00,4080.79,0.08,2026-07-29 21:15:00,4078.99,14.4,TP
170,57,TIER2,SELL,2026-07-29 21:10:00,4080.79,0.07,2026-07-29 21:15:00,4077.79,21.0,TP
171,57,TIER3,SELL,2026-07-29 21:10:00,4080.79,0.05,2026-07-29 21:15:00,4076.29,22.5,TP
172,58,TIER1,SELL,2026-07-30 10:15:00,4049.68,0.08,2026-07-30 10:20:00,4047.8799999999997,14.4,TP
173,58,TIER2,SELL,2026-07-30 10:15:00,4049.68,0.07,2026-07-30 10:20:00,4046.68,21.0,TP
174,58,TIER3,SELL,2026-07-30 10:15:00,4049.68,0.05,2026-07-30 10:20:00,4045.18,22.5,TP
175,59,TIER1,SELL,2026-07-30 11:30:00,4067.96,0.08,2026-07-30 11:35:00,4066.16,14.4,TP
176,59,TIER2,SELL,2026-07-30 11:30:00,4067.96,0.07,2026-07-30 11:35:00,4064.96,21.0,TP
177,59,TIER3,SELL,2026-07-30 11:30:00,4067.96,0.05,2026-07-30 11:35:00,4067.66,1.5,BREAKEVEN
178,60,TIER1,SELL,2026-07-30 16:35:00,4091.27,0.08,2026-07-30 16:40:00,4089.47,14.4,TP
179,60,TIER2,SELL,2026-07-30 16:35:00,4091.27,0.07,2026-07-30 16:40:00,4088.27,21.0,TP
180,60,TIER3,SELL,2026-07-30 16:35:00,4091.27,0.05,2026-07-30 16:40:00,4086.77,22.5,TP
181,61,TIER1,SELL,2026-07-30 17:00:00,4107.4,0.08,2026-07-30 17:05:00,4105.599999999999,14.4,TP
182,61,TIER2,SELL,2026-07-30 17:00:00,4107.4,0.07,2026-07-30 17:05:00,4104.4,21.0,TP
183,61,TIER3,SELL,2026-07-30 17:00:00,4107.4,0.05,2026-07-30 17:05:00,4102.9,22.5,TP
184,62,TIER1,SELL,2026-07-31 17:30:00,4040.34,0.08,2026-07-31 17:35:00,4042.34,-16.0,SL
185,62,TIER2,SELL,2026-07-31 17:30:00,4040.34,0.07,2026-07-31 17:35:00,4042.34,-14.0,SL
186,62,TIER3,SELL,2026-07-31 17:30:00,4040.34,0.05,2026-07-31 17:35:00,4042.34,-10.0,SL
187,63,TIER1,SELL,2026-07-31 17:35:00,4040.78,0.08,2026-07-31 17:40:00,4042.78,-16.0,SL
188,63,TIER2,SELL,2026-07-31 17:35:00,4040.78,0.07,2026-07-31 17:40:00,4042.78,-14.0,SL
189,63,TIER3,SELL,2026-07-31 17:35:00,4040.78,0.05,2026-07-31 17:40:00,4042.78,-10.0,SL
190,64,TIER1,SELL,2026-07-31 17:40:00,4041.35,0.08,2026-07-31 17:45:00,4043.35,-16.0,SL
191,64,TIER2,SELL,2026-07-31 17:40:00,4041.35,0.07,2026-07-31 17:45:00,4043.35,-14.0,SL
192,64,TIER3,SELL,2026-07-31 17:40:00,4041.35,0.05,2026-07-31 17:45:00,4043.35,-10.0,SL
193,65,TIER1,SELL,2026-08-05 17:25:00,4236.76,0.08,2026-08-05 17:30:00,4234.96,14.4,TP
194,65,TIER2,SELL,2026-08-05 17:25:00,4236.76,0.07,2026-08-05 17:30:00,4233.76,21.0,TP
195,65,TIER3,SELL,2026-08-05 17:25:00,4236.76,0.05,2026-08-05 17:30:00,4232.26,22.5,TP
196,66,TIER1,SELL,2026-08-05 17:30:00,4230.78,0.08,2026-08-05 17:35:00,4228.98,14.4,TP
197,66,TIER2,SELL,2026-08-05 17:30:00,4230.78,0.07,2026-08-05 17:35:00,4230.48,2.1,BREAKEVEN
198,66,TIER3,SELL,2026-08-05 17:30:00,4230.78,0.05,2026-08-05 17:35:00,4230.48,1.5,BREAKEVEN
199,67,TIER1,SELL,2026-08-05 18:10:00,4257.91,0.08,2026-08-05 18:15:00,4256.11,14.4,TP
200,67,TIER2,SELL,2026-08-05 18:10:00,4257.91,0.07,2026-08-05 18:15:00,4254.91,21.0,TP
201,67,TIER3,SELL,2026-08-05 18:10:00,4257.91,0.05,2026-08-05 18:15:00,4253.41,22.5,TP
202,68,TIER1,SELL,2026-08-05 18:20:00,4259.97,0.08,2026-08-05 18:25:00,4258.17,14.4,TP
203,68,TIER2,SELL,2026-08-05 18:20:00,4259.97,0.07,2026-08-05 18:25:00,4259.67,2.1,BREAKEVEN
204,68,TIER3,SELL,2026-08-05 18:20:00,4259.97,0.05,2026-08-05 18:25:00,4259.67,1.5,BREAKEVEN
205,69,TIER1,SELL,2026-08-06 03:55:00,4294.69,0.08,2026-08-06 04:00:00,4292.889999999999,14.4,TP
206,69,TIER2,SELL,2026-08-06 03:55:00,4294.69,0.07,2026-08-06 04:00:00,4291.69,21.0,TP
207,69,TIER3,SELL,2026-08-06 03:55:00,4294.69,0.05,2026-08-06 04:00:00,4294.389999999999,1.5,BREAKEVEN
208,70,TIER1,SELL,2026-08-06 17:10:00,4268.26,0.08,2026-08-06 17:15:00,4266.46,14.4,TP
209,70,TIER2,SELL,2026-08-06 17:10:00,4268.26,0.07,2026-08-06 17:15:00,4265.26,21.0,TP
210,70,TIER3,SELL,2026-08-06 17:10:00,4268.26,0.05,2026-08-06 17:15:00,4263.76,22.5,TP
211,71,TIER1,SELL,2026-08-06 20:05:00,4242.91,0.08,2026-08-06 20:10:00,4241.11,14.4,TP
212,71,TIER2,SELL,2026-08-06 20:05:00,4242.91,0.07,2026-08-06 20:10:00,4242.61,2.1,BREAKEVEN
213,71,TIER3,SELL,2026-08-06 20:05:00,4242.91,0.05,2026-08-06 20:10:00,4242.61,1.5,BREAKEVEN
214,72,TIER1,SELL,2026-08-07 15:45:00,4368.52,0.08,2026-08-07 15:50:00,4366.72,14.4,TP
215,72,TIER2,SELL,2026-08-07 15:45:00,4368.52,0.07,2026-08-07 15:50:00,4365.52,21.0,TP
216,72,TIER3,SELL,2026-08-07 15:45:00,4368.52,0.05,2026-08-07 15:50:00,4364.02,22.5,TP
217,73,TIER1,SELL,2026-08-10 17:30:00,4347.52,0.08,2026-08-10 17:35:00,4345.72,14.4,TP
218,73,TIER2,SELL,2026-08-10 17:30:00,4347.52,0.07,2026-08-10 17:35:00,4344.52,21.0,TP
219,73,TIER3,SELL,2026-08-10 17:30:00,4347.52,0.05,2026-08-10 17:35:00,4347.22,1.5,BREAKEVEN
220,74,TIER1,SELL,2026-08-13 17:50:00,4384.04,0.08,2026-08-13 17:55:00,4386.04,-16.0,SL
221,74,TIER2,SELL,2026-08-13 17:50:00,4384.04,0.07,2026-08-13 17:55:00,4386.04,-14.0,SL
222,74,TIER3,SELL,2026-08-13 17:50:00,4384.04,0.05,2026-08-13 17:55:00,4386.04,-10.0,SL
223,75,TIER1,SELL,2026-08-18 16:40:00,4401.17,0.08,2026-08-18 16:45:00,4399.37,14.4,TP
224,75,TIER2,SELL,2026-08-18 16:40:00,4401.17,0.07,2026-08-18 16:45:00,4398.17,21.0,TP
225,75,TIER3,SELL,2026-08-18 16:40:00,4401.17,0.05,2026-08-18 16:45:00,4396.67,22.5,TP
226,76,TIER1,SELL,2026-08-19 04:25:00,4342.29,0.08,2026-08-19 04:30:00,4344.29,-16.0,SL
227,76,TIER2,SELL,2026-08-19 04:25:00,4342.29,0.07,2026-08-19 04:30:00,4344.29,-14.0,SL
228,76,TIER3,SELL,2026-08-19 04:25:00,4342.29,0.05,2026-08-19 04:30:00,4344.29,-10.0,SL
229,77,TIER1,SELL,2026-08-19 04:40:00,4355.46,0.08,2026-08-19 04:45:00,4353.66,14.4,TP
230,77,TIER2,SELL,2026-08-19 04:40:00,4355.46,0.07,2026-08-19 04:45:00,4352.46,21.0,TP
231,77,TIER3,SELL,2026-08-19 04:40:00,4355.46,0.05,2026-08-19 04:45:00,4350.96,22.5,TP
232,78,TIER1,SELL,2026-08-19 04:50:00,4353.41,0.08,2026-08-19 04:55:00,4355.41,-16.0,SL
233,78,TIER2,SELL,2026-08-19 04:50:00,4353.41,0.07,2026-08-19 04:55:00,4355.41,-14.0,SL
234,78,TIER3,SELL,2026-08-19 04:50:00,4353.41,0.05,2026-08-19 04:55:00,4355.41,-10.0,SL
235,79,TIER1,SELL,2026-08-19 15:45:00,4417.27,0.08,2026-08-19 15:50:00,4415.47,14.4,TP
236,79,TIER2,SELL,2026-08-19 15:45:00,4417.27,0.07,2026-08-19 15:50:00,4414.27,21.0,TP
237,79,TIER3,SELL,2026-08-19 15:45:00,4417.27,0.05,2026-08-19 15:50:00,4412.77,22.5,TP
238,80,TIER1,SELL,2026-08-19 16:15:00,4460.13,0.08,2026-08-19 16:20:00,4458.33,14.4,TP
239,80,TIER2,SELL,2026-08-19 16:15:00,4460.13,0.07,2026-08-19 16:20:00,4457.13,21.0,TP
240,80,TIER3,SELL,2026-08-19 16:15:00,4460.13,0.05,2026-08-19 16:20:00,4455.63,22.5,TP
241,81,TIER1,SELL,2026-08-19 16:20:00,4459.15,0.08,2026-08-19 16:25:00,4457.349999999999,14.4,TP
242,81,TIER2,SELL,2026-08-19 16:20:00,4459.15,0.07,2026-08-19 16:25:00,4456.15,21.0,TP
243,81,TIER3,SELL,2026-08-19 16:20:00,4459.15,0.05,2026-08-19 16:25:00,4458.849999999999,1.5,BREAKEVEN
244,82,TIER1,SELL,2026-08-19 16:30:00,4461.6,0.08,2026-08-19 16:35:00,4459.8,14.4,TP
245,82,TIER2,SELL,2026-08-19 16:30:00,4461.6,0.07,2026-08-19 16:35:00,4458.6,21.0,TP
246,82,TIER3,SELL,2026-08-19 16:30:00,4461.6,0.05,2026-08-19 16:35:00,4457.1,22.5,TP
247,83,TIER1,SELL,2026-08-20 15:50:00,4472.2,0.08,2026-08-20 15:55:00,4474.2,-16.0,SL
248,83,TIER2,SELL,2026-08-20 15:50:00,4472.2,0.07,2026-08-20 15:55:00,4474.2,-14.0,SL
249,83,TIER3,SELL,2026-08-20 15:50:00,4472.2,0.05,2026-08-20 15:55:00,4474.2,-10.0,SL
250,84,TIER1,SELL,2026-08-20 15:55:00,4474.75,0.08,2026-08-20 16:00:00,4476.75,-16.0,SL
251,84,TIER2,SELL,2026-08-20 15:55:00,4474.75,0.07,2026-08-20 16:00:00,4476.75,-14.0,SL
252,84,TIER3,SELL,2026-08-20 15:55:00,4474.75,0.05,2026-08-20 16:00:00,4476.75,-10.0,SL
253,85,TIER1,SELL,2026-08-20 16:00:00,4478.46,0.08,2026-08-20 16:05:00,4476.66,14.4,TP
254,85,TIER2,SELL,2026-08-20 16:00:00,4478.46,0.07,2026-08-20 16:05:00,4475.46,21.0,TP
255,85,TIER3,SELL,2026-08-20 16:00:00,4478.46,0.05,2026-08-20 16:05:00,4473.96,22.5,TP
256,86,TIER1,SELL,2026-08-20 16:05:00,4473.62,0.08,2026-08-20 16:10:00,4473.32,2.4,BREAKEVEN
257,86,TIER2,SELL,2026-08-20 16:05:00,4473.62,0.07,2026-08-20 16:10:00,4473.32,2.1,BREAKEVEN
258,86,TIER3,SELL,2026-08-20 16:05:00,4473.62,0.05,2026-08-20 16:10:00,4473.32,1.5,BREAKEVEN
259,87,TIER1,SELL,2026-08-20 16:25:00,4471.77,0.08,2026-08-20 16:30:00,4469.97,14.4,TP
260,87,TIER2,SELL,2026-08-20 16:25:00,4471.77,0.07,2026-08-20 16:30:00,4471.47,2.1,BREAKEVEN
261,87,TIER3,SELL,2026-08-20 16:25:00,4471.77,0.05,2026-08-20 16:30:00,4471.47,1.5,BREAKEVEN
262,88,TIER1,SELL,2026-08-20 17:00:00,4483.3,0.08,2026-08-20 17:05:00,4481.5,14.4,TP
263,88,TIER2,SELL,2026-08-20 17:00:00,4483.3,0.07,2026-08-20 17:05:00,4483.0,2.1,BREAKEVEN
264,88,TIER3,SELL,2026-08-20 17:00:00,4483.3,0.05,2026-08-20 17:05:00,4483.0,1.5,BREAKEVEN
265,89,TIER1,SELL,2026-08-20 17:35:00,4495.99,0.08,2026-08-20 17:40:00,4494.19,14.4,TP
266,89,TIER2,SELL,2026-08-20 17:35:00,4495.99,0.07,2026-08-20 17:40:00,4495.69,2.1,BREAKEVEN
267,89,TIER3,SELL,2026-08-20 17:35:00,4495.99,0.05,2026-08-20 17:40:00,4495.69,1.5,BREAKEVEN
268,90,TIER1,SELL,2026-08-21 18:25:00,4602.77,0.08,2026-08-21 18:30:00,4600.97,14.4,TP
269,90,TIER2,SELL,2026-08-21 18:25:00,4602.77,0.07,2026-08-21 18:30:00,4599.77,21.0,TP
270,90,TIER3,SELL,2026-08-21 18:25:00,4602.77,0.05,2026-08-21 18:30:00,4602.47,1.5,BREAKEVEN
271,91,TIER1,SELL,2026-08-21 18:35:00,4606.78,0.08,2026-08-21 18:40:00,4608.78,-16.0,SL
272,91,TIER2,SELL,2026-08-21 18:35:00,4606.78,0.07,2026-08-21 18:40:00,4608.78,-14.0,SL
273,91,TIER3,SELL,2026-08-21 18:35:00,4606.78,0.05,2026-08-21 18:40:00,4608.78,-10.0,SL
274,92,TIER1,SELL,2026-08-25 12:45:00,4640.46,0.08,2026-08-25 12:50:00,4638.66,14.4,TP
275,92,TIER2,SELL,2026-08-25 12:45:00,4640.46,0.07,2026-08-25 12:50:00,4640.16,2.1,BREAKEVEN
276,92,TIER3,SELL,2026-08-25 12:45:00,4640.46,0.05,2026-08-25 12:50:00,4640.16,1.5,BREAKEVEN
277,93,TIER1,SELL,2026-08-25 17:20:00,4625.52,0.08,2026-08-25 17:25:00,4623.72,14.4,TP
278,93,TIER2,SELL,2026-08-25 17:20:00,4625.52,0.07,2026-08-25 17:25:00,4625.22,2.1,BREAKEVEN
279,93,TIER3,SELL,2026-08-25 17:20:00,4625.52,0.05,2026-08-25 17:25:00,4625.22,1.5,BREAKEVEN
280,94,TIER1,SELL,2026-08-25 17:25:00,4623.88,0.08,2026-08-25 17:30:00,4622.08,14.4,TP
281,94,TIER2,SELL,2026-08-25 17:25:00,4623.88,0.07,2026-08-25 17:30:00,4620.88,21.0,TP
282,94,TIER3,SELL,2026-08-25 17:25:00,4623.88,0.05,2026-08-25 17:30:00,4619.38,22.5,TP
283,95,TIER1,SELL,2026-08-25 17:45:00,4636.43,0.08,2026-08-25 17:50:00,4634.63,14.4,TP
284,95,TIER2,SELL,2026-08-25 17:45:00,4636.43,0.07,2026-08-25 17:50:00,4633.43,21.0,TP
285,95,TIER3,SELL,2026-08-25 17:45:00,4636.43,0.05,2026-08-25 17:50:00,4636.13,1.5,BREAKEVEN
286,96,TIER1,SELL,2026-08-26 16:00:00,4612.1,0.08,2026-08-26 16:05:00,4610.3,14.4,TP
287,96,TIER2,SELL,2026-08-26 16:00:00,4612.1,0.07,2026-08-26 16:05:00,4609.1,21.0,TP
288,96,TIER3,SELL,2026-08-26 16:00:00,4612.1,0.05,2026-08-26 16:05:00,4611.8,1.5,BREAKEVEN
289,97,TIER1,SELL,2026-08-26 16:45:00,4625.41,0.08,2026-08-26 16:50:00,4623.61,14.4,TP
290,97,TIER2,SELL,2026-08-26 16:45:00,4625.41,0.07,2026-08-26 16:50:00,4625.11,2.1,BREAKEVEN
291,97,TIER3,SELL,2026-08-26 16:45:00,4625.41,0.05,2026-08-26 16:50:00,4625.11,1.5,BREAKEVEN
292,98,TIER1,SELL,2026-08-26 16:50:00,4623.75,0.08,2026-08-26 16:55:00,4625.75,-16.0,SL
293,98,TIER2,SELL,2026-08-26 16:50:00,4623.75,0.07,2026-08-26 16:55:00,4625.75,-14.0,SL
294,98,TIER3,SELL,2026-08-26 16:50:00,4623.75,0.05,2026-08-26 16:55:00,4625.75,-10.0,SL
295,99,TIER1,SELL,2026-08-26 17:05:00,4622.73,0.08,2026-08-26 17:10:00,4620.929999999999,14.4,TP
296,99,TIER2,SELL,2026-08-26 17:05:00,4622.73,0.07,2026-08-26 17:10:00,4619.73,21.0,TP
297,99,TIER3,SELL,2026-08-26 17:05:00,4622.73,0.05,2026-08-26 17:10:00,4622.429999999999,1.5,BREAKEVEN
298,100,TIER1,SELL,2026-08-26 17:35:00,4616.87,0.08,2026-08-26 17:40:00,4618.87,-16.0,SL
299,100,TIER2,SELL,2026-08-26 17:35:00,4616.87,0.07,2026-08-26 17:40:00,4618.87,-14.0,SL
300,100,TIER3,SELL,2026-08-26 17:35:00,4616.87,0.05,2026-08-26 17:40:00,4618.87,-10.0,SL
301,101,TIER1,SELL,2026-08-27 05:00:00,4638.58,0.08,2026-08-27 05:05:00,4640.58,-16.0,SL
302,101,TIER2,SELL,2026-08-27 05:00:00,4638.58,0.07,2026-08-27 05:05:00,4640.58,-14.0,SL
303,101,TIER3,SELL,2026-08-27 05:00:00,4638.58,0.05,2026-08-27 05:05:00,4640.58,-10.0,SL
304,102,TIER1,SELL,2026-08-27 17:45:00,4593.18,0.08,2026-08-27 17:50:00,4591.38,14.4,TP
305,102,TIER2,SELL,2026-08-27 17:45:00,4593.18,0.07,2026-08-27 17:50:00,4592.88,2.1,BREAKEVEN
306,102,TIER3,SELL,2026-08-27 17:45:00,4593.18,0.05,2026-08-27 17:50:00,4592.88,1.5,BREAKEVEN
307,103,TIER1,SELL,2026-08-28 18:40:00,4539.15,0.08,2026-08-28 18:45:00,4537.349999999999,14.4,TP
308,103,TIER2,SELL,2026-08-28 18:40:00,4539.15,0.07,2026-08-28 18:45:00,4536.15,21.0,TP
309,103,TIER3,SELL,2026-08-28 18:40:00,4539.15,0.05,2026-08-28 18:45:00,4534.65,22.5,TP
310,104,TIER1,SELL,2026-08-31 03:20:00,4458.36,0.08,2026-08-31 03:25:00,4456.5599999999995,14.4,TP
311,104,TIER2,SELL,2026-08-31 03:20:00,4458.36,0.07,2026-08-31 03:25:00,4455.36,21.0,TP
312,104,TIER3,SELL,2026-08-31 03:20:00,4458.36,0.05,2026-08-31 03:25:00,4453.86,22.5,TP
313,105,TIER1,SELL,2026-08-31 06:20:00,4430.74,0.08,2026-08-31 06:25:00,4428.94,14.4,TP
314,105,TIER2,SELL,2026-08-31 06:20:00,4430.74,0.07,2026-08-31 06:25:00,4427.74,21.0,TP
315,105,TIER3,SELL,2026-08-31 06:20:00,4430.74,0.05,2026-08-31 06:25:00,4426.24,22.5,TP
316,106,TIER1,SELL,2026-08-31 17:50:00,4432.81,0.08,2026-08-31 17:55:00,4431.01,14.4,TP
317,106,TIER2,SELL,2026-08-31 17:50:00,4432.81,0.07,2026-08-31 17:55:00,4432.51,2.1,BREAKEVEN
318,106,TIER3,SELL,2026-08-31 17:50:00,4432.81,0.05,2026-08-31 17:55:00,4432.51,1.5,BREAKEVEN
319,107,TIER1,SELL,2026-08-31 17:55:00,4431.62,0.08,2026-08-31 18:00:00,4429.82,14.4,TP
320,107,TIER2,SELL,2026-08-31 17:55:00,4431.62,0.07,2026-08-31 18:00:00,4428.62,21.0,TP
321,107,TIER3,SELL,2026-08-31 17:55:00,4431.62,0.05,2026-08-31 18:00:00,4431.32,1.5,BREAKEVEN
322,108,TIER1,SELL,2026-09-01 13:25:00,4384.91,0.08,2026-09-01 13:30:00,4383.11,14.4,TP
323,108,TIER2,SELL,2026-09-01 13:25:00,4384.91,0.07,2026-09-01 13:30:00,4381.91,21.0,TP
324,108,TIER3,SELL,2026-09-01 13:25:00,4384.91,0.05,2026-09-01 13:30:00,4384.61,1.5,BREAKEVEN
325,109,TIER1,SELL,2026-09-01 16:40:00,4361.71,0.08,2026-09-01 16:45:00,4359.91,14.4,TP
326,109,TIER2,SELL,2026-09-01 16:40:00,4361.71,0.07,2026-09-01 16:45:00,4358.71,21.0,TP
327,109,TIER3,SELL,2026-09-01 16:40:00,4361.71,0.05,2026-09-01 16:45:00,4357.21,22.5,TP
328,110,TIER1,SELL,2026-09-01 16:45:00,4360.97,0.08,2026-09-01 16:50:00,4359.17,14.4,TP
329,110,TIER2,SELL,2026-09-01 16:45:00,4360.97,0.07,2026-09-01 16:50:00,4357.97,21.0,TP
330,110,TIER3,SELL,2026-09-01 16:45:00,4360.97,0.05,2026-09-01 16:50:00,4360.67,1.5,BREAKEVEN
331,111,TIER1,SELL,2026-09-01 16:55:00,4365.46,0.08,2026-09-01 17:00:00,4363.66,14.4,TP
332,111,TIER2,SELL,2026-09-01 16:55:00,4365.46,0.07,2026-09-01 17:00:00,4362.46,21.0,TP
333,111,TIER3,SELL,2026-09-01 16:55:00,4365.46,0.05,2026-09-01 17:00:00,4360.96,22.5,TP
334,112,TIER1,SELL,2026-09-01 17:05:00,4366.24,0.08,2026-09-01 17:10:00,4364.44,14.4,TP
335,112,TIER2,SELL,2026-09-01 17:05:00,4366.24,0.07,2026-09-01 17:10:00,4363.24,21.0,TP
336,112,TIER3,SELL,2026-09-01 17:05:00,4366.24,0.05,2026-09-01 17:10:00,4365.94,1.5,BREAKEVEN
337,113,TIER1,SELL,2026-09-01 17:40:00,4366.93,0.08,2026-09-01 17:45:00,4365.13,14.4,TP
338,113,TIER2,SELL,2026-09-01 17:40:00,4366.93,0.07,2026-09-01 17:45:00,4363.93,21.0,TP
339,113,TIER3,SELL,2026-09-01 17:40:00,4366.93,0.05,2026-09-01 17:45:00,4362.43,22.5,TP
340,114,TIER1,SELL,2026-09-01 17:45:00,4361.47,0.08,2026-09-01 17:50:00,4359.67,14.4,TP
341,114,TIER2,SELL,2026-09-01 17:45:00,4361.47,0.07,2026-09-01 17:50:00,4361.17,2.1,BREAKEVEN
342,114,TIER3,SELL,2026-09-01 17:45:00,4361.47,0.05,2026-09-01 17:50:00,4361.17,1.5,BREAKEVEN
343,115,TIER1,SELL,2026-09-01 17:50:00,4359.91,0.08,2026-09-01 17:55:00,4358.11,14.4,TP
344,115,TIER2,SELL,2026-09-01 17:50:00,4359.91,0.07,2026-09-01 17:55:00,4356.91,21.0,TP
345,115,TIER3,SELL,2026-09-01 17:50:00,4359.91,0.05,2026-09-01 17:55:00,4359.61,1.5,BREAKEVEN
346,116,TIER1,SELL,2026-09-01 17:55:00,4360.39,0.08,2026-09-01 18:00:00,4358.59,14.4,TP
347,116,TIER2,SELL,2026-09-01 17:55:00,4360.39,0.07,2026-09-01 18:00:00,4357.39,21.0,TP
348,116,TIER3,SELL,2026-09-01 17:55:00,4360.39,0.05,2026-09-01 18:00:00,4355.89,22.5,TP
349,117,TIER1,SELL,2026-09-01 18:00:00,4357.47,0.08,2026-09-01 18:05:00,4357.17,2.4,BREAKEVEN
350,117,TIER2,SELL,2026-09-01 18:00:00,4357.47,0.07,2026-09-01 18:05:00,4357.17,2.1,BREAKEVEN
351,117,TIER3,SELL,2026-09-01 18:00:00,4357.47,0.05,2026-09-01 18:05:00,4357.17,1.5,BREAKEVEN
352,118,TIER1,SELL,2026-09-01 18:05:00,4360.14,0.08,2026-09-01 18:10:00,4358.34,14.4,TP
353,118,TIER2,SELL,2026-09-01 18:05:00,4360.14,0.07,2026-09-01 18:10:00,4357.14,21.0,TP
354,118,TIER3,SELL,2026-09-01 18:05:00,4360.14,0.05,2026-09-01 18:10:00,4359.84,1.5,BREAKEVEN
355,119,TIER1,SELL,2026-09-01 18:10:00,4357.25,0.08,2026-09-01 18:15:00,4359.25,-16.0,SL
356,119,TIER2,SELL,2026-09-01 18:10:00,4357.25,0.07,2026-09-01 18:15:00,4359.25,-14.0,SL
357,119,TIER3,SELL,2026-09-01 18:10:00,4357.25,0.05,2026-09-01 18:15:00,4359.25,-10.0,SL
358,120,TIER1,SELL,2026-09-02 03:10:00,4328.18,0.08,2026-09-02 03:15:00,4330.18,-16.0,SL
359,120,TIER2,SELL,2026-09-02 03:10:00,4328.18,0.07,2026-09-02 03:15:00,4330.18,-14.0,SL
360,120,TIER3,SELL,2026-09-02 03:10:00,4328.18,0.05,2026-09-02 03:15:00,4330.18,-10.0,SL
361,121,TIER1,SELL,2026-09-02 03:25:00,4325.71,0.08,2026-09-02 03:30:00,4323.91,14.4,TP
362,121,TIER2,SELL,2026-09-02 03:25:00,4325.71,0.07,2026-09-02 03:30:00,4322.71,21.0,TP
363,121,TIER3,SELL,2026-09-02 03:25:00,4325.71,0.05,2026-09-02 03:30:00,4321.21,22.5,TP
364,122,TIER1,SELL,2026-09-02 03:50:00,4314.74,0.08,2026-09-02 03:55:00,4316.74,-16.0,SL
365,122,TIER2,SELL,2026-09-02 03:50:00,4314.74,0.07,2026-09-02 03:55:00,4316.74,-14.0,SL
366,122,TIER3,SELL,2026-09-02 03:50:00,4314.74,0.05,2026-09-02 03:55:00,4316.74,-10.0,SL
367,123,TIER1,SELL,2026-09-02 04:15:00,4320.28,0.08,2026-09-02 04:20:00,4318.48,14.4,TP
368,123,TIER2,SELL,2026-09-02 04:15:00,4320.28,0.07,2026-09-02 04:20:00,4319.98,2.1,BREAKEVEN
369,123,TIER3,SELL,2026-09-02 04:15:00,4320.28,0.05,2026-09-02 04:20:00,4319.98,1.5,BREAKEVEN
370,124,TIER1,SELL,2026-09-02 05:35:00,4312.04,0.08,2026-09-02 05:40:00,4310.24,14.4,TP
371,124,TIER2,SELL,2026-09-02 05:35:00,4312.04,0.07,2026-09-02 05:40:00,4309.04,21.0,TP
372,124,TIER3,SELL,2026-09-02 05:35:00,4312.04,0.05,2026-09-02 05:40:00,4311.74,1.5,BREAKEVEN
373,125,TIER1,SELL,2026-09-02 05:40:00,4309.12,0.08,2026-09-02 05:50:00,4307.32,14.4,TP
374,125,TIER2,SELL,2026-09-02 05:40:00,4309.12,0.07,2026-09-02 05:50:00,4306.12,21.0,TP
375,125,TIER3,SELL,2026-09-02 05:40:00,4309.12,0.05,2026-09-02 05:50:00,4308.82,1.5,BREAKEVEN
376,126,TIER1,SELL,2026-09-02 07:00:00,4303.77,0.08,2026-09-02 07:05:00,4305.77,-16.0,SL
377,126,TIER2,SELL,2026-09-02 07:00:00,4303.77,0.07,2026-09-02 07:05:00,4305.77,-14.0,SL
378,126,TIER3,SELL,2026-09-02 07:00:00,4303.77,0.05,2026-09-02 07:05:00,4305.77,-10.0,SL
379,127,TIER1,SELL,2026-09-02 07:05:00,4304.75,0.08,2026-09-02 07:15:00,4302.95,14.4,TP
380,127,TIER2,SELL,2026-09-02 07:05:00,4304.75,0.07,2026-09-02 07:15:00,4304.45,2.1,BREAKEVEN
381,127,TIER3,SELL,2026-09-02 07:05:00,4304.75,0.05,2026-09-02 07:15:00,4304.45,1.5,BREAKEVEN
382,128,TIER1,SELL,2026-09-02 16:05:00,4341.86,0.08,2026-09-02 16:10:00,4340.0599999999995,14.4,TP
383,128,TIER2,SELL,2026-09-02 16:05:00,4341.86,0.07,2026-09-02 16:10:00,4338.86,21.0,TP
384,128,TIER3,SELL,2026-09-02 16:05:00,4341.86,0.05,2026-09-02 16:10:00,4341.5599999999995,1.5,BREAKEVEN
385,129,TIER1,SELL,2026-09-02 16:35:00,4366.85,0.08,2026-09-02 16:40:00,4365.05,14.4,TP
386,129,TIER2,SELL,2026-09-02 16:35:00,4366.85,0.07,2026-09-02 16:40:00,4366.55,2.1,BREAKEVEN
387,129,TIER3,SELL,2026-09-02 16:35:00,4366.85,0.05,2026-09-02 16:40:00,4366.55,1.5,BREAKEVEN
388,130,TIER1,SELL,2026-09-02 17:05:00,4390.96,0.08,2026-09-02 17:10:00,4389.16,14.4,TP
389,130,TIER2,SELL,2026-09-02 17:05:00,4390.96,0.07,2026-09-02 17:10:00,4387.96,21.0,TP
390,130,TIER3,SELL,2026-09-02 17:05:00,4390.96,0.05,2026-09-02 17:10:00,4390.66,1.5,BREAKEVEN
391,131,TIER1,SELL,2026-09-02 17:10:00,4387.83,0.08,2026-09-02 17:15:00,4386.03,14.4,TP
392,131,TIER2,SELL,2026-09-02 17:10:00,4387.83,0.07,2026-09-02 17:15:00,4384.83,21.0,TP
393,131,TIER3,SELL,2026-09-02 17:10:00,4387.83,0.05,2026-09-02 17:15:00,4387.53,1.5,BREAKEVEN
394,132,TIER1,SELL,2026-09-03 16:00:00,4489.8,0.08,2026-09-03 16:05:00,4488.0,14.4,TP
395,132,TIER2,SELL,2026-09-03 16:00:00,4489.8,0.07,2026-09-03 16:05:00,4486.8,21.0,TP
396,132,TIER3,SELL,2026-09-03 16:00:00,4489.8,0.05,2026-09-03 16:05:00,4489.5,1.5,BREAKEVEN
397,133,TIER1,SELL,2026-09-04 15:30:00,4394.64,0.08,2026-09-04 15:35:00,4392.84,14.4,TP
398,133,TIER2,SELL,2026-09-04 15:30:00,4394.64,0.07,2026-09-04 15:35:00,4391.64,21.0,TP
399,133,TIER3,SELL,2026-09-04 15:30:00,4394.64,0.05,2026-09-04 15:35:00,4390.14,22.5,TP
400,134,TIER1,SELL,2026-09-04 17:35:00,4429.59,0.08,2026-09-04 17:40:00,4427.79,14.4,TP
401,134,TIER2,SELL,2026-09-04 17:35:00,4429.59,0.07,2026-09-04 17:40:00,4426.59,21.0,TP
402,134,TIER3,SELL,2026-09-04 17:35:00,4429.59,0.05,2026-09-04 17:40:00,4429.29,1.5,BREAKEVEN
403,135,TIER1,SELL,2026-09-04 17:40:00,4428.88,0.08,2026-09-04 17:45:00,4427.08,14.4,TP
404,135,TIER2,SELL,2026-09-04 17:40:00,4428.88,0.07,2026-09-04 17:45:00,4425.88,21.0,TP
405,135,TIER3,SELL,2026-09-04 17:40:00,4428.88,0.05,2026-09-04 17:45:00,4424.38,22.5,TP
406,136,TIER1,SELL,2026-09-04 17:55:00,4427.4,0.08,2026-09-04 18:00:00,4425.599999999999,14.4,TP
407,136,TIER2,SELL,2026-09-04 17:55:00,4427.4,0.07,2026-09-04 18:00:00,4424.4,21.0,TP
408,136,TIER3,SELL,2026-09-04 17:55:00,4427.4,0.05,2026-09-04 18:00:00,4422.9,22.5,TP
409,137,TIER1,SELL,2026-09-04 18:00:00,4429.98,0.08,2026-09-04 18:05:00,4431.98,-16.0,SL
410,137,TIER2,SELL,2026-09-04 18:00:00,4429.98,0.07,2026-09-04 18:05:00,4431.98,-14.0,SL
411,137,TIER3,SELL,2026-09-04 18:00:00,4429.98,0.05,2026-09-04 18:05:00,4431.98,-10.0,SL
412,138,TIER1,SELL,2026-09-04 18:20:00,4442.77,0.08,2026-09-04 18:25:00,4440.97,14.4,TP
413,138,TIER2,SELL,2026-09-04 18:20:00,4442.77,0.07,2026-09-04 18:25:00,4439.77,21.0,TP
414,138,TIER3,SELL,2026-09-04 18:20:00,4442.77,0.05,2026-09-04 18:25:00,4442.47,1.5,BREAKEVEN
415,139,TIER1,SELL,2026-09-04 18:25:00,4439.87,0.08,2026-09-04 18:30:00,4439.57,2.4,BREAKEVEN
416,139,TIER2,SELL,2026-09-04 18:25:00,4439.87,0.07,2026-09-04 18:30:00,4439.57,2.1,BREAKEVEN
417,139,TIER3,SELL,2026-09-04 18:25:00,4439.87,0.05,2026-09-04 18:30:00,4439.57,1.5,BREAKEVEN
418,140,TIER1,SELL,2026-09-10 16:30:00,4363.56,0.08,2026-09-10 16:35:00,4361.76,14.4,TP
419,140,TIER2,SELL,2026-09-10 16:30:00,4363.56,0.07,2026-09-10 16:35:00,4360.56,21.0,TP
420,140,TIER3,SELL,2026-09-10 16:30:00,4363.56,0.05,2026-09-10 16:35:00,4363.26,1.5,BREAKEVEN
421,141,TIER1,SELL,2026-09-10 16:35:00,4369.68,0.08,2026-09-10 16:40:00,4367.88,14.4,TP
422,141,TIER2,SELL,2026-09-10 16:35:00,4369.68,0.07,2026-09-10 16:40:00,4366.68,21.0,TP
423,141,TIER3,SELL,2026-09-10 16:35:00,4369.68,0.05,2026-09-10 16:40:00,4365.18,22.5,TP
424,142,TIER1,SELL,2026-09-10 17:25:00,4363.35,0.08,2026-09-10 17:30:00,4361.55,14.4,TP
425,142,TIER2,SELL,2026-09-10 17:25:00,4363.35,0.07,2026-09-10 17:30:00,4360.35,21.0,TP
426,142,TIER3,SELL,2026-09-10 17:25:00,4363.35,0.05,2026-09-10 17:30:00,4363.05,1.5,BREAKEVEN
427,143,TIER1,SELL,2026-09-10 17:30:00,4364.57,0.08,2026-09-10 17:35:00,4364.2699999999995,2.4,BREAKEVEN
428,143,TIER2,SELL,2026-09-10 17:30:00,4364.57,0.07,2026-09-10 17:35:00,4364.2699999999995,2.1,BREAKEVEN
429,143,TIER3,SELL,2026-09-10 17:30:00,4364.57,0.05,2026-09-10 17:35:00,4364.2699999999995,1.5,BREAKEVEN
430,144,TIER1,SELL,2026-09-10 17:35:00,4362.98,0.08,2026-09-10 17:40:00,4361.179999999999,14.4,TP
431,144,TIER2,SELL,2026-09-10 17:35:00,4362.98,0.07,2026-09-10 17:40:00,4359.98,21.0,TP
432,144,TIER3,SELL,2026-09-10 17:35:00,4362.98,0.05,2026-09-10 17:40:00,4358.48,22.5,TP
433,145,TIER1,SELL,2026-09-11 03:25:00,4323.9,0.08,2026-09-11 03:30:00,4322.099999999999,14.4,TP
434,145,TIER2,SELL,2026-09-11 03:25:00,4323.9,0.07,2026-09-11 03:30:00,4320.9,21.0,TP
435,145,TIER3,SELL,2026-09-11 03:25:00,4323.9,0.05,2026-09-11 03:30:00,4323.599999999999,1.5,BREAKEVEN
436,146,TIER1,SELL,2026-09-11 04:40:00,4326.72,0.08,2026-09-11 04:45:00,4324.92,14.4,TP
437,146,TIER2,SELL,2026-09-11 04:40:00,4326.72,0.07,2026-09-11 04:45:00,4326.42,2.1,BREAKEVEN
438,146,TIER3,SELL,2026-09-11 04:40:00,4326.72,0.05,2026-09-11 04:45:00,4326.42,1.5,BREAKEVEN
439,147,TIER1,SELL,2026-09-11 15:45:00,4361.64,0.08,2026-09-11 15:50:00,4361.34,2.4,BREAKEVEN
440,147,TIER2,SELL,2026-09-11 15:45:00,4361.64,0.07,2026-09-11 15:50:00,4361.34,2.1,BREAKEVEN
441,147,TIER3,SELL,2026-09-11 15:45:00,4361.64,0.05,2026-09-11 15:50:00,4361.34,1.5,BREAKEVEN
442,148,TIER1,SELL,2026-09-11 16:00:00,4390.03,0.08,2026-09-11 16:05:00,4388.23,14.4,TP
443,148,TIER2,SELL,2026-09-11 16:00:00,4390.03,0.07,2026-09-11 16:05:00,4387.03,21.0,TP
444,148,TIER3,SELL,2026-09-11 16:00:00,4390.03,0.05,2026-09-11 16:05:00,4385.53,22.5,TP
445,149,TIER1,SELL,2026-09-11 16:05:00,4382.55,0.08,2026-09-11 16:10:00,4380.75,14.4,TP
446,149,TIER2,SELL,2026-09-11 16:05:00,4382.55,0.07,2026-09-11 16:10:00,4382.25,2.1,BREAKEVEN
447,149,TIER3,SELL,2026-09-11 16:05:00,4382.55,0.05,2026-09-11 16:10:00,4382.25,1.5,BREAKEVEN
448,150,TIER1,SELL,2026-09-11 16:25:00,4390.05,0.08,2026-09-11 16:30:00,4388.25,14.4,TP
449,150,TIER2,SELL,2026-09-11 16:25:00,4390.05,0.07,2026-09-11 16:30:00,4387.05,21.0,TP
450,150,TIER3,SELL,2026-09-11 16:25:00,4390.05,0.05,2026-09-11 16:30:00,4385.55,22.5,TP
451,151,TIER1,SELL,2026-09-14 04:50:00,4347.95,0.08,2026-09-14 04:55:00,4347.65,2.4,BREAKEVEN
452,151,TIER2,SELL,2026-09-14 04:50:00,4347.95,0.07,2026-09-14 04:55:00,4347.65,2.1,BREAKEVEN
453,151,TIER3,SELL,2026-09-14 04:50:00,4347.95,0.05,2026-09-14 04:55:00,4347.65,1.5,BREAKEVEN
454,152,TIER1,SELL,2026-09-15 10:50:00,4277.68,0.08,2026-09-15 10:55:00,4277.38,2.4,BREAKEVEN
455,152,TIER2,SELL,2026-09-15 10:50:00,4277.68,0.07,2026-09-15 10:55:00,4277.38,2.1,BREAKEVEN
456,152,TIER3,SELL,2026-09-15 10:50:00,4277.68,0.05,2026-09-15 10:55:00,4277.38,1.5,BREAKEVEN
457,153,TIER1,SELL,2026-09-16 05:35:00,4311.11,0.08,2026-09-16 05:40:00,4313.11,-16.0,SL
458,153,TIER2,SELL,2026-09-16 05:35:00,4311.11,0.07,2026-09-16 05:40:00,4313.11,-14.0,SL
459,153,TIER3,SELL,2026-09-16 05:35:00,4311.11,0.05,2026-09-16 05:40:00,4313.11,-10.0,SL
460,154,TIER1,SELL,2026-09-17 04:05:00,4303.17,0.08,2026-09-17 04:10:00,4301.37,14.4,TP
461,154,TIER2,SELL,2026-09-17 04:05:00,4303.17,0.07,2026-09-17 04:10:00,4300.17,21.0,TP
462,154,TIER3,SELL,2026-09-17 04:05:00,4303.17,0.05,2026-09-17 04:10:00,4298.67,22.5,TP
463,155,TIER1,SELL,2026-09-17 04:35:00,4311.93,0.08,2026-09-17 04:40:00,4310.13,14.4,TP
464,155,TIER2,SELL,2026-09-17 04:35:00,4311.93,0.07,2026-09-17 04:40:00,4311.63,2.1,BREAKEVEN
465,155,TIER3,SELL,2026-09-17 04:35:00,4311.93,0.05,2026-09-17 04:40:00,4311.63,1.5,BREAKEVEN
466,156,TIER1,SELL,2026-09-17 15:00:00,4345.42,0.08,2026-09-17 15:05:00,4347.42,-16.0,SL
467,156,TIER2,SELL,2026-09-17 15:00:00,4345.42,0.07,2026-09-17 15:05:00,4347.42,-14.0,SL
468,156,TIER3,SELL,2026-09-17 15:00:00,4345.42,0.05,2026-09-17 15:05:00,4347.42,-10.0,SL
469,157,TIER1,SELL,2026-09-21 18:05:00,4350.05,0.08,2026-09-21 18:10:00,4348.25,14.4,TP
470,157,TIER2,SELL,2026-09-21 18:05:00,4350.05,0.07,2026-09-21 18:10:00,4347.05,21.0,TP
471,157,TIER3,SELL,2026-09-21 18:05:00,4350.05,0.05,2026-09-21 18:10:00,4349.75,1.5,BREAKEVEN
472,158,TIER1,SELL,2026-09-22 11:40:00,4320.16,0.08,2026-09-22 11:45:00,4318.36,14.4,TP
473,158,TIER2,SELL,2026-09-22 11:40:00,4320.16,0.07,2026-09-22 11:45:00,4317.16,21.0,TP
474,158,TIER3,SELL,2026-09-22 11:40:00,4320.16,0.05,2026-09-22 11:45:00,4319.86,1.5,BREAKEVEN
475,159,TIER1,SELL,2026-09-22 11:45:00,4325.14,0.08,2026-09-22 11:50:00,4324.84,2.4,BREAKEVEN
476,159,TIER2,SELL,2026-09-22 11:45:00,4325.14,0.07,2026-09-22 11:50:00,4324.84,2.1,BREAKEVEN
477,159,TIER3,SELL,2026-09-22 11:45:00,4325.14,0.05,2026-09-22 11:50:00,4324.84,1.5,BREAKEVEN
478,160,TIER1,SELL,2026-09-22 11:55:00,4330.11,0.08,2026-09-22 12:00:00,4328.3099999999995,14.4,TP
479,160,TIER2,SELL,2026-09-22 11:55:00,4330.11,0.07,2026-09-22 12:00:00,4327.11,21.0,TP
480,160,TIER3,SELL,2026-09-22 11:55:00,4330.11,0.05,2026-09-22 12:00:00,4325.61,22.5,TP
481,161,TIER1,SELL,2026-09-22 12:10:00,4318.3,0.08,2026-09-22 12:15:00,4318.0,2.4,BREAKEVEN
482,161,TIER2,SELL,2026-09-22 12:10:00,4318.3,0.07,2026-09-22 12:15:00,4318.0,2.1,BREAKEVEN
483,161,TIER3,SELL,2026-09-22 12:10:00,4318.3,0.05,2026-09-22 12:15:00,4318.0,1.5,BREAKEVEN
484,162,TIER1,SELL,2026-09-22 12:25:00,4314.47,0.08,2026-09-22 12:30:00,4312.67,14.4,TP
485,162,TIER2,SELL,2026-09-22 12:25:00,4314.47,0.07,2026-09-22 12:30:00,4314.17,2.1,BREAKEVEN
486,162,TIER3,SELL,2026-09-22 12:25:00,4314.47,0.05,2026-09-22 12:30:00,4314.17,1.5,BREAKEVEN
487,163,TIER1,SELL,2026-09-23 15:10:00,4318.79,0.08,2026-09-23 15:15:00,4316.99,14.4,TP
488,163,TIER2,SELL,2026-09-23 15:10:00,4318.79,0.07,2026-09-23 15:15:00,4315.79,21.0,TP
489,163,TIER3,SELL,2026-09-23 15:10:00,4318.79,0.05,2026-09-23 15:15:00,4314.29,22.5,TP
490,164,TIER1,SELL,2026-09-23 17:50:00,4297.34,0.08,2026-09-23 17:55:00,4295.54,14.4,TP
491,164,TIER2,SELL,2026-09-23 17:50:00,4297.34,0.07,2026-09-23 17:55:00,4294.34,21.0,TP
492,164,TIER3,SELL,2026-09-23 17:50:00,4297.34,0.05,2026-09-23 17:55:00,4292.84,22.5,TP
493,165,TIER1,SELL,2026-09-23 17:55:00,4294.23,0.08,2026-09-23 18:00:00,4292.429999999999,14.4,TP
494,165,TIER2,SELL,2026-09-23 17:55:00,4294.23,0.07,2026-09-23 18:00:00,4291.23,21.0,TP
495,165,TIER3,SELL,2026-09-23 17:55:00,4294.23,0.05,2026-09-23 18:00:00,4289.73,22.5,TP
496,166,TIER1,SELL,2026-09-25 17:45:00,4277.7,0.08,2026-09-25 17:50:00,4275.9,14.4,TP
497,166,TIER2,SELL,2026-09-25 17:45:00,4277.7,0.07,2026-09-25 17:50:00,4274.7,21.0,TP
498,166,TIER3,SELL,2026-09-25 17:45:00,4277.7,0.05,2026-09-25 17:50:00,4277.4,1.5,BREAKEVEN
499,167,TIER1,SELL,2026-09-25 17:50:00,4277.02,0.08,2026-09-25 17:55:00,4279.02,-16.0,SL
500,167,TIER2,SELL,2026-09-25 17:50:00,4277.02,0.07,2026-09-25 17:55:00,4279.02,-14.0,SL
501,167,TIER3,SELL,2026-09-25 17:50:00,4277.02,0.05,2026-09-25 17:55:00,4279.02,-10.0,SL
502,168,TIER1,SELL,2026-09-25 17:55:00,4279.06,0.08,2026-09-25 18:00:00,4281.06,-16.0,SL
503,168,TIER2,SELL,2026-09-25 17:55:00,4279.06,0.07,2026-09-25 18:00:00,4281.06,-14.0,SL
504,168,TIER3,SELL,2026-09-25 17:55:00,4279.06,0.05,2026-09-25 18:00:00,4281.06,-10.0,SL
505,169,TIER1,SELL,2026-09-25 18:00:00,4281.87,0.08,2026-09-25 18:05:00,4280.07,14.4,TP
506,169,TIER2,SELL,2026-09-25 18:00:00,4281.87,0.07,2026-09-25 18:05:00,4278.87,21.0,TP
507,169,TIER3,SELL,2026-09-25 18:00:00,4281.87,0.05,2026-09-25 18:05:00,4277.37,22.5,TP
508,170,TIER1,SELL,2026-09-25 19:05:00,4293.82,0.08,2026-09-25 19:10:00,4292.0199999999995,14.4,TP
509,170,TIER2,SELL,2026-09-25 19:05:00,4293.82,0.07,2026-09-25 19:10:00,4290.82,21.0,TP
510,170,TIER3,SELL,2026-09-25 19:05:00,4293.82,0.05,2026-09-25 19:10:00,4289.32,22.5,TP
511,171,TIER1,SELL,2026-09-28 14:05:00,4153.47,0.08,2026-09-28 14:10:00,4151.67,14.4,TP
512,171,TIER2,SELL,2026-09-28 14:05:00,4153.47,0.07,2026-09-28 14:10:00,4150.47,21.0,TP
513,171,TIER3,SELL,2026-09-28 14:05:00,4153.47,0.05,2026-09-28 14:10:00,4148.97,22.5,TP
514,172,TIER1,SELL,2026-09-28 15:30:00,4153.03,0.08,2026-09-28 15:35:00,4151.23,14.4,TP
515,172,TIER2,SELL,2026-09-28 15:30:00,4153.03,0.07,2026-09-28 15:35:00,4150.03,21.0,TP
516,172,TIER3,SELL,2026-09-28 15:30:00,4153.03,0.05,2026-09-28 15:35:00,4148.53,22.5,TP
517,173,TIER1,SELL,2026-09-28 15:50:00,4151.4,0.08,2026-09-28 15:55:00,4149.599999999999,14.4,TP
518,173,TIER2,SELL,2026-09-28 15:50:00,4151.4,0.07,2026-09-28 15:55:00,4151.099999999999,2.1,BREAKEVEN
519,173,TIER3,SELL,2026-09-28 15:50:00,4151.4,0.05,2026-09-28 15:55:00,4151.099999999999,1.5,BREAKEVEN
520,174,TIER1,SELL,2026-09-28 15:55:00,4154.25,0.08,2026-09-28 16:00:00,4152.45,14.4,TP
521,174,TIER2,SELL,2026-09-28 15:55:00,4154.25,0.07,2026-09-28 16:00:00,4151.25,21.0,TP
522,174,TIER3,SELL,2026-09-28 15:55:00,4154.25,0.05,2026-09-28 16:00:00,4149.75,22.5,TP
523,175,TIER1,SELL,2026-09-28 16:00:00,4149.51,0.08,2026-09-28 16:05:00,4147.71,14.4,TP
524,175,TIER2,SELL,2026-09-28 16:00:00,4149.51,0.07,2026-09-28 16:05:00,4149.21,2.1,BREAKEVEN
525,175,TIER3,SELL,2026-09-28 16:00:00,4149.51,0.05,2026-09-28 16:05:00,4149.21,1.5,BREAKEVEN
526,176,TIER1,SELL,2026-09-28 16:40:00,4150.9,0.08,2026-09-28 16:45:00,4150.599999999999,2.4,BREAKEVEN
527,176,TIER2,SELL,2026-09-28 16:40:00,4150.9,0.07,2026-09-28 16:45:00,4150.599999999999,2.1,BREAKEVEN
528,176,TIER3,SELL,2026-09-28 16:40:00,4150.9,0.05,2026-09-28 16:45:00,4150.599999999999,1.5,BREAKEVEN
529,177,TIER1,SELL,2026-09-28 17:20:00,4143.42,0.08,2026-09-28 17:25:00,4141.62,14.4,TP
530,177,TIER2,SELL,2026-09-28 17:20:00,4143.42,0.07,2026-09-28 17:25:00,4140.42,21.0,TP
531,177,TIER3,SELL,2026-09-28 17:20:00,4143.42,0.05,2026-09-28 17:25:00,4143.12,1.5,BREAKEVEN
532,178,TIER1,SELL,2026-09-28 17:25:00,4142.42,0.08,2026-09-28 17:30:00,4140.62,14.4,TP
533,178,TIER2,SELL,2026-09-28 17:25:00,4142.42,0.07,2026-09-28 17:30:00,4139.42,21.0,TP
534,178,TIER3,SELL,2026-09-28 17:25:00,4142.42,0.05,2026-09-28 17:30:00,4137.92,22.5,TP
535,179,TIER1,SELL,2026-09-28 19:25:00,4142.98,0.08,2026-09-28 19:30:00,4141.179999999999,14.4,TP
536,179,TIER2,SELL,2026-09-28 19:25:00,4142.98,0.07,2026-09-28 19:30:00,4139.98,21.0,TP
537,179,TIER3,SELL,2026-09-28 19:25:00,4142.98,0.05,2026-09-28 19:30:00,4138.48,22.5,TP
538,180,TIER1,SELL,2026-09-28 19:40:00,4131.81,0.08,2026-09-28 19:45:00,4130.01,14.4,TP
539,180,TIER2,SELL,2026-09-28 19:40:00,4131.81,0.07,2026-09-28 19:45:00,4131.51,2.1,BREAKEVEN
540,180,TIER3,SELL,2026-09-28 19:40:00,4131.81,0.05,2026-09-28 19:45:00,4131.51,1.5,BREAKEVEN
541,181,TIER1,SELL,2026-09-28 19:45:00,4129.31,0.08,2026-09-28 19:50:00,4131.31,-16.0,SL
542,181,TIER2,SELL,2026-09-28 19:45:00,4129.31,0.07,2026-09-28 19:50:00,4131.31,-14.0,SL
543,181,TIER3,SELL,2026-09-28 19:45:00,4129.31,0.05,2026-09-28 19:50:00,4131.31,-10.0,SL
544,182,TIER1,SELL,2026-09-28 19:55:00,4129.57,0.08,2026-09-28 20:00:00,4127.7699999999995,14.4,TP
545,182,TIER2,SELL,2026-09-28 19:55:00,4129.57,0.07,2026-09-28 20:00:00,4129.2699999999995,2.1,BREAKEVEN
546,182,TIER3,SELL,2026-09-28 19:55:00,4129.57,0.05,2026-09-28 20:00:00,4129.2699999999995,1.5,BREAKEVEN
547,183,TIER1,SELL,2026-09-28 20:00:00,4127.62,0.08,2026-09-28 20:05:00,4127.32,2.4,BREAKEVEN
548,183,TIER2,SELL,2026-09-28 20:00:00,4127.62,0.07,2026-09-28 20:05:00,4127.32,2.1,BREAKEVEN
549,183,TIER3,SELL,2026-09-28 20:00:00,4127.62,0.05,2026-09-28 20:05:00,4127.32,1.5,BREAKEVEN
550,184,TIER1,SELL,2026-09-28 20:05:00,4127.29,0.08,2026-09-28 20:10:00,4126.99,2.4,BREAKEVEN
551,184,TIER2,SELL,2026-09-28 20:05:00,4127.29,0.07,2026-09-28 20:10:00,4126.99,2.1,BREAKEVEN
552,184,TIER3,SELL,2026-09-28 20:05:00,4127.29,0.05,2026-09-28 20:10:00,4126.99,1.5,BREAKEVEN
553,185,TIER1,SELL,2026-09-29 04:45:00,4135.2,0.08,2026-09-29 04:50:00,4133.4,14.4,TP
554,185,TIER2,SELL,2026-09-29 04:45:00,4135.2,0.07,2026-09-29 04:50:00,4132.2,21.0,TP
555,185,TIER3,SELL,2026-09-29 04:45:00,4135.2,0.05,2026-09-29 04:50:00,4130.7,22.5,TP
556,186,TIER1,SELL,2026-10-02 05:05:00,4155.63,0.08,2026-10-02 05:10:00,4153.83,14.4,TP
557,186,TIER2,SELL,2026-10-02 05:05:00,4155.63,0.07,2026-10-02 05:10:00,4152.63,21.0,TP
558,186,TIER3,SELL,2026-10-02 05:05:00,4155.63,0.05,2026-10-02 05:10:00,4155.33,1.5,BREAKEVEN
